{
  "set_timer": {
    "precision": 0.3333333333333333,
    "recall": 1.0,
    "f1-score": 0.5,
    "support": 3,
    "confused_with": {}
  },
  "inform_location": {
    "precision": 1.0,
    "recall": 1.0,
    "f1-score": 1.0,
    "support": 2,
    "confused_with": {}
  },
  "ask_transinput_language": {
    "precision": 0.0,
    "recall": 0.0,
    "f1-score": 0.0,
    "support": 7,
    "confused_with": {
      "set_timer": 6,
      "inform_date": 1
    }
  },
  "inform_date": {
    "precision": 0.8888888888888888,
    "recall": 1.0,
    "f1-score": 0.9411764705882353,
    "support": 8,
    "confused_with": {}
  },
  "ask_weather": {
    "precision": 1.0,
    "recall": 1.0,
    "f1-score": 1.0,
    "support": 9,
    "confused_with": {}
  },
  "accuracy": 0.7586206896551724,
  "macro avg": {
    "precision": 0.6444444444444445,
    "recall": 0.8,
    "f1-score": 0.6882352941176471,
    "support": 29
  },
  "weighted avg": {
    "precision": 0.6590038314176245,
    "recall": 0.7586206896551724,
    "f1-score": 0.6906693711967546,
    "support": 29
  },
  "micro avg": {
    "precision": 0.7586206896551724,
    "recall": 0.7586206896551724,
    "f1-score": 0.7586206896551724,
    "support": 29
  }
}